{"stats":{"minecraft:picked_up":{"minecraft:birch_door":6,"minecraft:crafting_table":3,"minecraft:wheat":19,"minecraft:ladder":1,"minecraft:flower_pot":3,"minecraft:brown_mushroom":1,"minecraft:cornflower":1,"minecraft:string":1,"minecraft:birch_fence":1,"minecraft:smooth_stone":9,"minecraft:beef":15,"minecraft:iron_boots":1,"minecraft:furnace":1,"minecraft:stick":32,"minecraft:stone":2,"minecraft:oak_door":1,"minecraft:torch":11,"minecraft:diorite":12,"minecraft:carrot":103,"byg:red_birch_sapling":13,"minecraft:brown_carpet":10,"byg:yellow_birch_sapling":10,"minecraft:rotten_flesh":2,"additional_lights:fire_pit_l_smooth_stone":1,"minecraft:cobblestone":215,"minecraft:cod":4,"byg:rocky_stone":2,"minecraft:white_wool":3,"minecraft:birch_log":173,"minecraft:cooked_beef":1,"minecraft:andesite":5,"minecraft:leather":3,"minecraft:potato":32,"minecraft:birch_planks":76,"minecraft:oak_log":44,"minecraft:dirt":31,"minecraft:stripped_birch_log":6,"minecraft:birch_pressure_plate":2,"minecraft:cooked_mutton":1,"minecraft:stone_bricks":3,"minecraft:kelp":4,"minecraft:wheat_seeds":59,"minecraft:iron_ingot":20,"minecraft:iron_ore":22,"minecraft:iron_sword":1,"hexerei:animal_fat":14,"minecraft:pumpkin":3,"minecraft:sand":110,"minecraft:cyan_bed":1,"minecraft:blast_furnace":1,"minecraft:lily_of_the_valley":1,"byg:cika_log":2,"minecraft:spider_eye":2,"minecraft:pumpkin_seeds":1,"minecraft:stone_axe":1,"minecraft:iron_helmet":1,"minecraft:granite":1,"minecraft:bone_meal":1,"minecraft:black_wool":2,"minecraft:coal":92},"minecraft:broken":{"minecraft:iron_axe":1,"minecraft:stone_axe":1},"minecraft:crafted":{"minecraft:smooth_stone":99,"minecraft:furnace":2,"minecraft:blast_furnace":1,"additional_lights:fire_pit_l_smooth_stone":1,"minecraft:stone":155,"minecraft:glass":21,"minecraft:iron_axe":1,"minecraft:ladder":15,"minecraft:chest":1,"minecraft:stone_hoe":1,"minecraft:smoker":1,"minecraft:cooked_cod":3,"minecraft:crafting_table":1,"minecraft:iron_sword":1,"minecraft:birch_planks":508,"minecraft:bread":6,"minecraft:iron_chestplate":1,"minecraft:birch_fence":99,"minecraft:stick":136,"minecraft:iron_ingot":22,"minecraft:iron_pickaxe":2,"minecraft:iron_leggings":1,"minecraft:white_bed":1,"minecraft:torch":36,"minecraft:birch_stairs":4},"minecraft:killed_by":{"minecraft:player":1,"minecraft:creeper":1,"minecraft:skeleton":1,"minecraft:zombie":1},"minecraft:mined":{"minecraft:attached_pumpkin_stem":1,"minecraft:farmland":7,"minecraft:oak_door":1,"minecraft:stripped_birch_log":6,"minecraft:ladder":1,"minecraft:granite":1,"minecraft:grass_block":2,"additional_lights:fire_pit_l_smooth_stone":1,"minecraft:kelp":3,"minecraft:furnace":2,"minecraft:carrots":24,"minecraft:iron_ore":22,"minecraft:pumpkin":3,"minecraft:potatoes":8,"minecraft:lantern":1,"byg:potted_red_birch_sapling":1,"minecraft:potted_cornflower":1,"minecraft:stone":125,"minecraft:birch_pressure_plate":1,"minecraft:brown_mushroom":1,"minecraft:glass_pane":1,"minecraft:kelp_plant":4,"minecraft:potted_lily_of_the_valley":1,"minecraft:brown_carpet":10,"byg:orange_birch_leaves":20,"minecraft:crafting_table":3,"minecraft:torch":5,"minecraft:blast_furnace":1,"byg:yellow_birch_leaves":115,"byg:red_birch_leaves":35,"byg:cika_log":2,"minecraft:cobblestone":24,"minecraft:cyan_bed":1,"minecraft:diorite":7,"minecraft:wall_torch":5,"minecraft:birch_planks":42,"minecraft:birch_log":194,"minecraft:wheat":22,"byg:short_grass":3,"byg:leaf_pile":1,"minecraft:birch_door":7,"byg:brown_birch_leaves":9,"minecraft:grass":28,"minecraft:oak_log":45,"minecraft:coal_ore":30,"minecraft:sand":66,"minecraft:dirt":13,"minecraft:birch_fence":1},"minecraft:used":{"minecraft:oak_trapdoor":1,"minecraft:ladder":15,"minecraft:iron_sword":81,"minecraft:oak_door":1,"minecraft:torch":10,"minecraft:dirt":10,"minecraft:carrot":47,"minecraft:birch_door":4,"minecraft:glass":77,"minecraft:iron_axe":249,"minecraft:brown_carpet":3,"minecraft:cooked_cod":3,"minecraft:furnace":1,"additional_lights:fire_pit_l_smooth_stone":2,"tombstone:gift":4,"minecraft:cooked_beef":1,"minecraft:wheat_seeds":19,"minecraft:cooked_mutton":1,"minecraft:birch_planks":293,"minecraft:crafting_table":4,"minecraft:blast_furnace":2,"minecraft:white_bed":1,"minecraft:pumpkin_seeds":1,"minecraft:smoker":1,"minecraft:birch_fence":101,"minecraft:bread":6,"minecraft:iron_pickaxe":239,"minecraft:stone_axe":130,"minecraft:cobblestone":29,"minecraft:birch_log":32,"minecraft:smooth_stone":98,"minecraft:birch_stairs":4},"minecraft:killed":{"minecraft:spider":3,"minecraft:cod":4,"minecraft:tropical_fish":1,"minecraft:zombie":2,"minecraft:cow":6},"minecraft:dropped":{"minecraft:stone_hoe":1,"minecraft:iron_sword":1,"minecraft:birch_planks":69,"minecraft:wheat_seeds":1,"minecraft:cobblestone":54,"minecraft:dirt":14,"byg:cika_log":2,"minecraft:birch_log":16,"minecraft:birch_pressure_plate":2},"minecraft:custom":{"minecraft:mob_kills":16,"minecraft:interact_with_crafting_table":29,"minecraft:open_barrel":4,"minecraft:leave_game":3,"minecraft:time_since_death":21352,"minecraft:climb_one_cm":46458,"minecraft:sprint_one_cm":343242,"minecraft:walk_one_cm":465601,"minecraft:drop":26,"minecraft:talked_to_villager":7,"minecraft:deaths":5,"minecraft:sneak_time":6913,"minecraft:walk_under_water_one_cm":7819,"minecraft:jump":2089,"minecraft:interact_with_blast_furnace":5,"minecraft:walk_on_water_one_cm":12865,"minecraft:interact_with_furnace":87,"minecraft:play_one_minute":182477,"minecraft:sleep_in_bed":3,"minecraft:time_since_rest":20581,"minecraft:damage_taken":2397,"minecraft:damage_dealt":1668,"minecraft:swim_one_cm":41095,"minecraft:fly_one_cm":351912,"minecraft:open_chest":14,"minecraft:crouch_one_cm":21542,"tombstone:undead_killed":2,"minecraft:interact_with_smoker":3,"minecraft:fall_one_cm":49817}},"DataVersion":2586}