{"stats":{"minecraft:picked_up":{"minecraft:birch_log":171,"minecraft:birch_door":6,"minecraft:crafting_table":3,"minecraft:wheat":19,"minecraft:cooked_beef":1,"minecraft:ladder":1,"minecraft:flower_pot":3,"minecraft:andesite":5,"minecraft:brown_mushroom":1,"minecraft:birch_planks":76,"minecraft:cornflower":1,"minecraft:stripped_birch_log":6,"minecraft:dirt":31,"minecraft:cooked_mutton":1,"minecraft:birch_pressure_plate":2,"minecraft:birch_fence":1,"minecraft:stone_bricks":3,"minecraft:wheat_seeds":58,"minecraft:smooth_stone":9,"minecraft:iron_ingot":20,"minecraft:iron_ore":22,"minecraft:iron_sword":1,"minecraft:iron_boots":1,"minecraft:furnace":1,"hexerei:animal_fat":14,"minecraft:stick":32,"minecraft:stone":2,"minecraft:oak_door":1,"minecraft:pumpkin":3,"minecraft:torch":10,"minecraft:sand":110,"minecraft:carrot":55,"minecraft:blast_furnace":1,"minecraft:diorite":12,"minecraft:lily_of_the_valley":1,"byg:red_birch_sapling":13,"minecraft:brown_carpet":10,"byg:yellow_birch_sapling":10,"minecraft:pumpkin_seeds":1,"minecraft:rotten_flesh":2,"minecraft:stone_axe":1,"additional_lights:fire_pit_l_smooth_stone":1,"minecraft:iron_helmet":1,"minecraft:granite":1,"minecraft:black_wool":2,"minecraft:coal":92,"byg:rocky_stone":2,"minecraft:white_wool":3,"minecraft:cobblestone":215},"minecraft:broken":{"minecraft:iron_axe":1,"minecraft:stone_axe":1},"minecraft:crafted":{"minecraft:smooth_stone":99,"minecraft:crafting_table":1,"minecraft:iron_sword":1,"minecraft:blast_furnace":1,"minecraft:furnace":2,"additional_lights:fire_pit_l_smooth_stone":1,"minecraft:stone":155,"minecraft:birch_planks":500,"minecraft:bread":6,"minecraft:glass":21,"minecraft:iron_axe":1,"minecraft:ladder":15,"minecraft:birch_fence":99,"minecraft:stick":136,"minecraft:iron_pickaxe":2,"minecraft:white_bed":1,"minecraft:torch":36,"minecraft:birch_stairs":4,"minecraft:stone_hoe":1,"minecraft:smoker":1},"minecraft:killed_by":{"minecraft:player":1,"minecraft:skeleton":1,"minecraft:zombie":1},"minecraft:mined":{"minecraft:attached_pumpkin_stem":1,"minecraft:glass_pane":1,"minecraft:brown_mushroom":1,"minecraft:farmland":7,"minecraft:oak_door":1,"minecraft:potted_lily_of_the_valley":1,"minecraft:brown_carpet":10,"minecraft:stripped_birch_log":6,"byg:orange_birch_leaves":20,"minecraft:crafting_table":3,"minecraft:torch":5,"minecraft:ladder":1,"minecraft:granite":1,"minecraft:blast_furnace":1,"minecraft:grass_block":2,"byg:yellow_birch_leaves":115,"byg:red_birch_leaves":35,"additional_lights:fire_pit_l_smooth_stone":1,"minecraft:cobblestone":24,"minecraft:diorite":7,"minecraft:wall_torch":4,"minecraft:birch_planks":42,"minecraft:furnace":2,"minecraft:carrots":14,"minecraft:birch_log":192,"minecraft:iron_ore":22,"minecraft:wheat":22,"minecraft:pumpkin":3,"byg:short_grass":2,"byg:leaf_pile":1,"minecraft:birch_door":7,"byg:brown_birch_leaves":9,"minecraft:grass":12,"minecraft:coal_ore":30,"minecraft:lantern":1,"minecraft:sand":66,"minecraft:dirt":13,"byg:potted_red_birch_sapling":1,"minecraft:potted_cornflower":1,"minecraft:stone":125,"minecraft:birch_fence":1,"minecraft:birch_pressure_plate":1},"minecraft:used":{"minecraft:wheat_seeds":19,"minecraft:oak_trapdoor":1,"minecraft:cooked_mutton":1,"minecraft:birch_planks":293,"minecraft:ladder":15,"minecraft:iron_sword":10,"minecraft:oak_door":1,"minecraft:torch":9,"minecraft:dirt":10,"minecraft:crafting_table":4,"minecraft:carrot":17,"minecraft:blast_furnace":2,"minecraft:white_bed":1,"minecraft:pumpkin_seeds":1,"minecraft:smoker":1,"minecraft:birch_fence":101,"minecraft:birch_door":4,"minecraft:glass":77,"minecraft:iron_axe":249,"minecraft:bread":5,"minecraft:iron_pickaxe":237,"minecraft:stone_axe":130,"minecraft:cobblestone":29,"minecraft:brown_carpet":3,"additional_lights:fire_pit_l_smooth_stone":2,"minecraft:furnace":1,"minecraft:birch_log":32,"tombstone:gift":2,"minecraft:cooked_beef":1,"minecraft:birch_stairs":4,"minecraft:smooth_stone":98},"minecraft:killed":{"minecraft:spider":1,"minecraft:zombie":1},"minecraft:dropped":{"minecraft:stone_hoe":1,"minecraft:iron_sword":1,"minecraft:birch_planks":69,"minecraft:birch_pressure_plate":2,"minecraft:cobblestone":54,"minecraft:dirt":14,"minecraft:birch_log":16},"minecraft:custom":{"minecraft:interact_with_furnace":87,"minecraft:mob_kills":2,"minecraft:interact_with_crafting_table":26,"minecraft:play_one_minute":146795,"minecraft:leave_game":2,"minecraft:time_since_death":111766,"minecraft:sleep_in_bed":3,"minecraft:climb_one_cm":42106,"minecraft:time_since_rest":18323,"minecraft:sprint_one_cm":160812,"minecraft:damage_taken":1424,"minecraft:walk_one_cm":385611,"minecraft:drop":24,"minecraft:damage_dealt":338,"minecraft:fly_one_cm":107000,"minecraft:open_chest":4,"minecraft:crouch_one_cm":21292,"tombstone:undead_killed":1,"minecraft:deaths":4,"minecraft:sneak_time":6886,"minecraft:jump":1013,"minecraft:walk_on_water_one_cm":3967,"minecraft:fall_one_cm":21035}},"DataVersion":2586}