{"stats":{"minecraft:mined":{"minecraft:diamond_ore":12,"minecraft:white_bed":1,"minecraft:mossy_cobblestone":4,"minecraft:oak_door":1,"minecraft:granite":84,"minecraft:grass_block":49,"byg:winter_succulent":1,"minecraft:spawner":6,"minecraft:large_fern":5,"minecraft:redstone_ore":16,"minecraft:mossy_cobblestone_stairs":1,"minecraft:iron_ore":128,"minecraft:andesite":52,"minecraft:pumpkin":4,"minecraft:mossy_stone_brick_stairs":1,"minecraft:vine":7,"byg:rocky_stone":8,"minecraft:stone":643,"minecraft:potted_orange_tulip":1,"minecraft:kelp_plant":1,"byg:wilted_grass":6,"byg:orange_birch_leaves":6,"minecraft:torch":9,"byg:yellow_birch_leaves":96,"byg:red_birch_leaves":85,"minecraft:cobblestone":2,"minecraft:tall_grass":11,"minecraft:lapis_ore":10,"minecraft:diorite":58,"minecraft:wall_torch":18,"minecraft:birch_planks":5,"byg:soapstone":15,"byg:scoria_stone":6,"minecraft:birch_log":28,"byg:short_grass":15,"byg:leaf_pile":1,"byg:brown_birch_leaves":2,"minecraft:grass":86,"minecraft:coal_ore":151,"minecraft:gravel":11,"minecraft:sand":36,"minecraft:dirt":226,"minecraft:cracked_stone_bricks":3,"minecraft:cobweb":59,"minecraft:stone_bricks":6,"minecraft:mossy_stone_bricks":7,"minecraft:gold_ore":16,"minecraft:fern":6},"minecraft:picked_up":{"minecraft:birch_door":1,"byg:soapstone":15,"minecraft:chicken":25,"minecraft:ladder":1,"minecraft:flower_pot":1,"minecraft:wooden_pickaxe":1,"minecraft:shield":2,"minecraft:string":50,"minecraft:wooden_sword":1,"byg:winter_succulent":1,"minecraft:cracked_stone_bricks":3,"minecraft:beef":14,"minecraft:iron_pickaxe":1,"minecraft:furnace":1,"minecraft:iron_boots":2,"minecraft:egg":4,"minecraft:tipped_arrow":1,"minecraft:stick":9,"minecraft:oak_door":1,"minecraft:torch":48,"minecraft:porkchop":15,"tombstone:grave_dust":2,"minecraft:diorite":71,"minecraft:carrot":3,"minecraft:redstone":70,"byg:red_birch_sapling":3,"byg:yellow_birch_sapling":3,"minecraft:rotten_flesh":11,"minecraft:stone_sword":1,"minecraft:arrow":4,"minecraft:iron_bars":2,"minecraft:mutton":19,"minecraft:rail":3,"minecraft:cod":1,"byg:rocky_stone":8,"minecraft:white_wool":9,"minecraft:cobblestone":630,"minecraft:birch_log":92,"minecraft:feather":17,"minecraft:andesite":52,"minecraft:brown_wool":1,"minecraft:leather":16,"minecraft:birch_planks":56,"paraglider:spirit_orb":6,"minecraft:golden_boots":1,"minecraft:lapis_lazuli":75,"minecraft:dirt":298,"minecraft:bone":2,"byg:scoria_cobblestone":7,"minecraft:stone_bricks":5,"minecraft:kelp":2,"minecraft:wheat_seeds":16,"minecraft:orange_tulip":1,"minecraft:stone_pickaxe":2,"minecraft:iron_ingot":37,"minecraft:iron_ore":130,"minecraft:mossy_stone_bricks":13,"minecraft:mossy_stone_brick_stairs":2,"hexerei:animal_fat":17,"minecraft:cooked_porkchop":7,"minecraft:pumpkin":3,"minecraft:gravel":9,"minecraft:sand":35,"byg:orange_birch_sapling":1,"minecraft:white_bed":1,"minecraft:gold_ore":16,"minecraft:spider_eye":5,"minecraft:mossy_cobblestone":4,"minecraft:iron_hoe":1,"minecraft:diamond":12,"minecraft:lever":1,"minecraft:iron_helmet":1,"minecraft:granite":82,"minecraft:golden_apple":1,"minecraft:mossy_cobblestone_stairs":2,"minecraft:chainmail_helmet":1,"minecraft:black_wool":3,"minecraft:coal":177},"minecraft:custom":{"minecraft:mob_kills":85,"minecraft:interact_with_crafting_table":40,"minecraft:damage_dealt_resisted":32,"minecraft:leave_game":2,"minecraft:time_since_death":26001,"minecraft:climb_one_cm":47315,"minecraft:sprint_one_cm":452173,"minecraft:damage_blocked_by_shield":190,"minecraft:walk_one_cm":1366650,"minecraft:drop":178,"minecraft:deaths":5,"minecraft:sneak_time":4224,"minecraft:walk_under_water_one_cm":9151,"minecraft:jump":3402,"minecraft:interact_with_blast_furnace":10,"minecraft:walk_on_water_one_cm":24176,"minecraft:interact_with_furnace":101,"minecraft:play_one_minute":320249,"minecraft:pot_flower":1,"minecraft:sleep_in_bed":10,"minecraft:time_since_rest":24000,"minecraft:damage_taken":6133,"minecraft:damage_dealt":9507,"minecraft:swim_one_cm":3922,"minecraft:fly_one_cm":150951,"minecraft:open_chest":14,"minecraft:crouch_one_cm":5762,"tombstone:undead_killed":23,"minecraft:interact_with_smoker":1,"minecraft:fall_one_cm":25806},"minecraft:crafted":{"minecraft:wooden_sword":1,"minecraft:smooth_stone":68,"minecraft:cooked_chicken":18,"minecraft:furnace":6,"minecraft:blast_furnace":1,"minecraft:stone":12,"minecraft:cooked_mutton":19,"minecraft:glass":66,"minecraft:iron_boots":1,"minecraft:ladder":15,"minecraft:stone_pickaxe":3,"minecraft:chest":1,"minecraft:birch_door":3,"sophisticatedbackpacks:iron_backpack":1,"minecraft:cooked_beef":13,"minecraft:cooked_cod":1,"sophisticatedbackpacks:backpack":1,"minecraft:cooked_porkchop":15,"minecraft:crafting_table":9,"minecraft:wooden_pickaxe":2,"minecraft:iron_helmet":2,"minecraft:iron_sword":2,"minecraft:bucket":1,"minecraft:birch_planks":300,"minecraft:stone_axe":1,"minecraft:air":0,"minecraft:iron_chestplate":1,"minecraft:stick":144,"minecraft:iron_ingot":72,"minecraft:iron_pickaxe":3,"minecraft:wooden_axe":1,"minecraft:stone_sword":2,"minecraft:iron_leggings":1,"minecraft:gold_ingot":2,"minecraft:white_bed":2,"minecraft:torch":44},"minecraft:used":{"minecraft:stone_sword":318,"minecraft:ladder":16,"minecraft:shield":6,"minecraft:iron_sword":138,"minecraft:cooked_chicken":18,"minecraft:oak_door":1,"minecraft:torch":80,"minecraft:dirt":232,"minecraft:granite":45,"minecraft:birch_door":6,"minecraft:glass":18,"minecraft:wooden_axe":1,"minecraft:beef":1,"minecraft:cooked_cod":1,"minecraft:furnace":5,"tombstone:gift":4,"minecraft:cooked_beef":11,"minecraft:pumpkin":3,"minecraft:cooked_mutton":17,"minecraft:water_bucket":1,"minecraft:diorite":38,"minecraft:birch_planks":146,"minecraft:stone_pickaxe":443,"minecraft:wooden_pickaxe":177,"byg:rocky_stone":6,"minecraft:rail":3,"minecraft:crafting_table":9,"minecraft:blast_furnace":1,"minecraft:white_bed":3,"byg:red_birch_sapling":1,"minecraft:flower_pot":1,"minecraft:bread":1,"minecraft:iron_pickaxe":643,"minecraft:gravel":5,"byg:soapstone":2,"minecraft:stone_axe":1,"minecraft:wooden_sword":34,"minecraft:cobblestone":144,"minecraft:cooked_porkchop":20,"byg:scoria_cobblestone":1,"minecraft:bucket":2,"minecraft:andesite":31},"minecraft:killed_by":{"minecraft:player":1,"minecraft:skeleton":2,"minecraft:zombie":1},"minecraft:killed":{"minecraft:cave_spider":10,"minecraft:cod":1,"minecraft:skeleton":6,"minecraft:chicken":18,"minecraft:drowned":1,"minecraft:wolf":1,"minecraft:pig":9,"minecraft:zombie_villager":1,"orcz:goblinwerid":1,"minecraft:sheep":13,"minecraft:zombie":14,"minecraft:stray":1,"minecraft:cow":8},"minecraft:broken":{"minecraft:stone_sword":1,"minecraft:wooden_pickaxe":2,"minecraft:stone_pickaxe":3,"minecraft:iron_pickaxe":2,"minecraft:wooden_axe":1},"minecraft:dropped":{"minecraft:iron_ingot":3,"minecraft:birch_planks":7,"minecraft:wheat_seeds":16,"minecraft:mossy_cobblestone":1,"minecraft:cooked_porkchop":2,"minecraft:feather":4,"minecraft:iron_helmet":3,"minecraft:cobblestone":212,"byg:yellow_birch_sapling":3,"byg:winter_succulent":1,"minecraft:dirt":66,"byg:red_birch_sapling":2,"minecraft:diorite":31,"byg:soapstone":13,"minecraft:iron_leggings":1,"minecraft:wooden_sword":1,"minecraft:mossy_cobblestone_stairs":2,"minecraft:iron_pickaxe":1,"minecraft:smooth_stone":9,"minecraft:birch_log":17,"byg:scoria_cobblestone":6,"minecraft:white_wool":3,"minecraft:gravel":1,"minecraft:stone_axe":1,"hexerei:animal_fat":14,"minecraft:kelp":2,"minecraft:stone_sword":2,"minecraft:wheat":11,"minecraft:rotten_flesh":5,"minecraft:iron_boots":1,"minecraft:cooked_mutton":2,"minecraft:carrot":3,"byg:orange_birch_sapling":1,"byg:rocky_stone":2,"minecraft:andesite":21,"minecraft:mossy_stone_bricks":10,"minecraft:spider_eye":5,"minecraft:stone_bricks":3,"minecraft:stone_pickaxe":1,"minecraft:black_wool":2}},"DataVersion":2586}