{"stats":{"minecraft:picked_up":{"minecraft:iron_chestplate":3,"minecraft:birch_door":1,"byg:soapstone":16,"minecraft:chicken":25,"minecraft:ladder":1,"minecraft:flower_pot":1,"minecraft:wooden_pickaxe":1,"minecraft:stone_brick_stairs":2,"minecraft:shield":3,"minecraft:string":54,"minecraft:wooden_sword":1,"byg:winter_succulent":1,"minecraft:iron_leggings":1,"minecraft:cracked_stone_bricks":31,"minecraft:beef":14,"minecraft:iron_pickaxe":2,"minecraft:furnace":1,"minecraft:iron_boots":3,"minecraft:egg":4,"minecraft:tipped_arrow":2,"minecraft:stick":9,"minecraft:oak_door":1,"minecraft:torch":51,"minecraft:porkchop":15,"tombstone:grave_dust":4,"minecraft:diorite":93,"minecraft:carrot":3,"minecraft:redstone":70,"byg:red_birch_sapling":3,"byg:yellow_birch_sapling":3,"minecraft:quartz_block":1,"minecraft:stone_sword":1,"minecraft:arrow":13,"minecraft:rotten_flesh":20,"byg:rocky_stone":14,"minecraft:mutton":19,"minecraft:iron_bars":2,"minecraft:cod":1,"minecraft:rail":3,"minecraft:white_wool":9,"minecraft:cobblestone":937,"minecraft:birch_log":92,"minecraft:feather":17,"minecraft:andesite":78,"minecraft:brown_wool":1,"minecraft:leather":16,"minecraft:birch_planks":56,"paraglider:spirit_orb":8,"minecraft:golden_boots":1,"minecraft:lapis_lazuli":75,"minecraft:dirt":298,"tombstone:gift":1,"minecraft:bone":14,"byg:scoria_cobblestone":37,"minecraft:stone_bricks":25,"minecraft:kelp":2,"minecraft:wheat_seeds":16,"minecraft:orange_tulip":1,"minecraft:iron_ingot":37,"minecraft:stone_pickaxe":2,"minecraft:iron_ore":138,"minecraft:mossy_stone_bricks":36,"minecraft:glass_bottle":1,"minecraft:iron_sword":4,"minecraft:mossy_stone_brick_stairs":4,"hexerei:animal_fat":17,"minecraft:cooked_porkchop":7,"minecraft:pumpkin":3,"minecraft:chiseled_stone_bricks":1,"minecraft:gravel":9,"minecraft:sand":35,"byg:orange_birch_sapling":1,"minecraft:white_bed":1,"minecraft:gold_ore":16,"minecraft:spider_eye":5,"minecraft:mossy_cobblestone":33,"minecraft:iron_hoe":1,"minecraft:diamond":12,"minecraft:lever":1,"minecraft:chainmail_leggings":1,"minecraft:iron_helmet":1,"minecraft:granite":86,"minecraft:diamond_axe":1,"minecraft:golden_apple":1,"minecraft:mossy_cobblestone_stairs":2,"minecraft:chainmail_helmet":1,"minecraft:bread":7,"minecraft:black_wool":3,"minecraft:coal":177},"minecraft:broken":{"minecraft:stone_sword":1,"minecraft:wooden_pickaxe":2,"minecraft:stone_pickaxe":4,"minecraft:iron_sword":2,"minecraft:iron_pickaxe":3,"minecraft:wooden_axe":1},"minecraft:crafted":{"minecraft:wooden_sword":1,"minecraft:smooth_stone":68,"minecraft:cooked_chicken":18,"minecraft:furnace":6,"minecraft:blast_furnace":1,"minecraft:stone":12,"minecraft:cooked_mutton":19,"minecraft:glass":66,"minecraft:iron_boots":1,"minecraft:ladder":15,"minecraft:stone_pickaxe":3,"minecraft:chest":1,"minecraft:birch_door":3,"sophisticatedbackpacks:iron_backpack":1,"minecraft:cooked_beef":13,"minecraft:cooked_cod":1,"minecraft:emerald":4,"sophisticatedbackpacks:backpack":1,"minecraft:cooked_porkchop":15,"minecraft:crafting_table":9,"minecraft:wooden_pickaxe":2,"minecraft:iron_helmet":2,"minecraft:iron_sword":4,"minecraft:bucket":2,"minecraft:birch_planks":300,"minecraft:stone_axe":1,"minecraft:air":0,"minecraft:iron_chestplate":1,"minecraft:stick":144,"minecraft:iron_ingot":84,"minecraft:iron_pickaxe":3,"minecraft:wooden_axe":1,"minecraft:stone_sword":2,"minecraft:iron_leggings":1,"minecraft:gold_ingot":2,"minecraft:white_bed":2,"minecraft:torch":44},"minecraft:killed_by":{"minecraft:player":1,"minecraft:skeleton":2,"minecraft:zombie":1},"minecraft:mined":{"minecraft:diamond_ore":12,"minecraft:white_bed":1,"minecraft:mossy_cobblestone":33,"minecraft:oak_door":1,"minecraft:granite":95,"minecraft:grass_block":49,"byg:winter_succulent":1,"minecraft:chiseled_stone_bricks":3,"minecraft:spawner":9,"minecraft:large_fern":5,"minecraft:redstone_ore":16,"minecraft:mossy_cobblestone_stairs":3,"minecraft:iron_ore":136,"minecraft:andesite":88,"minecraft:pumpkin":4,"minecraft:mossy_stone_brick_stairs":9,"minecraft:vine":7,"byg:rocky_stone":14,"minecraft:stone":970,"minecraft:potted_orange_tulip":1,"minecraft:quartz_block":3,"minecraft:kelp_plant":1,"byg:wilted_grass":6,"byg:orange_birch_leaves":6,"minecraft:torch":9,"byg:yellow_birch_leaves":96,"byg:red_birch_leaves":85,"minecraft:tall_grass":11,"minecraft:cobblestone":9,"minecraft:lapis_ore":10,"minecraft:diorite":80,"minecraft:wall_torch":20,"minecraft:birch_planks":5,"byg:soapstone":23,"byg:scoria_stone":36,"minecraft:birch_log":28,"byg:short_grass":15,"byg:leaf_pile":1,"byg:brown_birch_leaves":2,"minecraft:stone_brick_stairs":6,"minecraft:grass":86,"minecraft:coal_ore":151,"minecraft:gravel":11,"minecraft:sand":36,"minecraft:dirt":226,"minecraft:cobweb":63,"minecraft:cracked_stone_bricks":31,"minecraft:stone_bricks":32,"minecraft:mossy_stone_bricks":33,"minecraft:gold_ore":16,"minecraft:fern":6},"minecraft:used":{"minecraft:stone_sword":318,"minecraft:ladder":16,"minecraft:shield":6,"minecraft:iron_sword":313,"minecraft:cooked_chicken":18,"minecraft:oak_door":1,"minecraft:torch":89,"minecraft:dirt":232,"minecraft:granite":45,"minecraft:birch_door":6,"minecraft:glass":18,"minecraft:wooden_axe":1,"minecraft:lava_bucket":10,"minecraft:stone_bricks":4,"minecraft:beef":1,"minecraft:cooked_cod":1,"minecraft:furnace":5,"tombstone:gift":4,"minecraft:cooked_beef":13,"minecraft:pumpkin":3,"minecraft:cooked_mutton":17,"minecraft:water_bucket":2,"minecraft:diorite":40,"minecraft:birch_planks":146,"minecraft:stone_pickaxe":446,"minecraft:wooden_pickaxe":177,"minecraft:mossy_stone_brick_stairs":1,"byg:rocky_stone":6,"minecraft:golden_apple":7,"minecraft:rail":3,"minecraft:crafting_table":9,"minecraft:blast_furnace":1,"minecraft:white_bed":3,"byg:red_birch_sapling":1,"minecraft:flower_pot":1,"minecraft:bread":8,"minecraft:iron_pickaxe":1333,"byg:soapstone":3,"minecraft:gravel":5,"minecraft:stone_axe":1,"minecraft:chiseled_stone_bricks":1,"minecraft:wooden_sword":34,"minecraft:cobblestone":265,"minecraft:potion":1,"minecraft:andesite":31,"byg:scoria_cobblestone":1,"minecraft:cooked_porkchop":20,"minecraft:bucket":13},"minecraft:killed":{"minecraft:cave_spider":10,"minecraft:cod":1,"minecraft:skeleton":10,"minecraft:chicken":18,"minecraft:drowned":1,"minecraft:wolf":1,"minecraft:pig":9,"minecraft:zombie_villager":1,"orcz:goblinwerid":1,"minecraft:sheep":13,"minecraft:zombie":32,"minecraft:stray":9,"minecraft:cow":8},"minecraft:dropped":{"minecraft:iron_ingot":7,"minecraft:birch_planks":7,"minecraft:wheat_seeds":16,"minecraft:mossy_cobblestone":19,"minecraft:glass_bottle":1,"minecraft:cooked_porkchop":2,"minecraft:feather":4,"minecraft:iron_helmet":3,"minecraft:cobblestone":237,"minecraft:granite":1,"minecraft:cracked_stone_bricks":8,"byg:yellow_birch_sapling":3,"byg:winter_succulent":1,"minecraft:stick":4,"minecraft:dirt":66,"byg:red_birch_sapling":2,"minecraft:diorite":46,"byg:soapstone":13,"minecraft:iron_leggings":2,"minecraft:wooden_sword":1,"minecraft:iron_pickaxe":1,"minecraft:mossy_cobblestone_stairs":2,"minecraft:smooth_stone":9,"minecraft:birch_log":17,"byg:scoria_cobblestone":6,"minecraft:white_wool":3,"minecraft:redstone":1,"minecraft:gravel":1,"minecraft:stone_axe":1,"hexerei:animal_fat":14,"minecraft:kelp":2,"minecraft:lever":1,"minecraft:stone_sword":2,"minecraft:wheat":11,"tombstone:gift":1,"minecraft:rotten_flesh":12,"minecraft:iron_boots":1,"minecraft:cooked_mutton":2,"minecraft:carrot":3,"byg:orange_birch_sapling":1,"byg:rocky_stone":7,"minecraft:iron_chestplate":2,"minecraft:andesite":34,"minecraft:mossy_stone_bricks":18,"minecraft:spider_eye":5,"minecraft:stone_bricks":9,"minecraft:stone_pickaxe":1,"minecraft:stone_brick_stairs":2,"minecraft:black_wool":2},"minecraft:custom":{"minecraft:mob_kills":123,"minecraft:interact_with_crafting_table":44,"goblintraders:trade_with_goblin":10,"minecraft:damage_dealt_resisted":32,"minecraft:leave_game":4,"minecraft:time_since_death":83967,"minecraft:climb_one_cm":47315,"minecraft:sprint_one_cm":470324,"minecraft:damage_blocked_by_shield":190,"minecraft:walk_one_cm":1601001,"minecraft:drop":220,"minecraft:sneak_time":4510,"minecraft:deaths":5,"minecraft:walk_under_water_one_cm":9345,"minecraft:jump":3571,"minecraft:interact_with_blast_furnace":10,"minecraft:walk_on_water_one_cm":31231,"minecraft:interact_with_furnace":101,"minecraft:play_one_minute":378215,"minecraft:pot_flower":1,"minecraft:sleep_in_bed":10,"minecraft:time_since_rest":81966,"minecraft:damage_taken":7569,"minecraft:damage_absorbed":236,"minecraft:damage_dealt":15171,"minecraft:player_kills":1,"minecraft:swim_one_cm":3922,"minecraft:fly_one_cm":154804,"minecraft:open_chest":23,"minecraft:crouch_one_cm":6346,"tombstone:undead_killed":53,"minecraft:interact_with_smoker":1,"minecraft:fall_one_cm":26284}},"DataVersion":2586}