{"stats":{"minecraft:killed_by":{"orcz:orcsavage_2sword":1},"minecraft:mined":{"minecraft:bubble_coral":1,"byg:rainbow_eucalyptus_log":8,"byg:short_grass":1,"minecraft:grass":1,"byg:pink_sand":2,"minecraft:bubble_coral_wall_fan":1,"minecraft:bamboo":1,"byg:purple_sand":2,"byg:mahogany_log":7},"minecraft:killed":{"minecraft:sheep":1},"minecraft:used":{"minecraft:cooked_mutton":1,"minecraft:wooden_axe":11,"byg:purple_sand":2,"minecraft:wooden_sword":2,"minecraft:cobblestone":1,"minecraft:crafting_table":1,"tombstone:gift":2},"minecraft:picked_up":{"hexerei:animal_fat":1,"byg:mahogany_log":7,"orcz:orcteeth":5,"byg:rainbow_eucalyptus_log":8,"byg:purple_sand":9,"minecraft:bamboo":13,"minecraft:mutton":2,"minecraft:white_wool":1,"minecraft:cobblestone":4},"minecraft:crafted":{"minecraft:wooden_sword":1,"minecraft:crafting_table":1,"minecraft:stick":4,"minecraft:wooden_axe":1,"byg:mahogany_planks":28,"minecraft:cooked_mutton":2},"minecraft:custom":{"minecraft:time_since_rest":15577,"minecraft:interact_with_furnace":1,"minecraft:sprint_one_cm":11628,"minecraft:damage_taken":435,"minecraft:walk_one_cm":42464,"minecraft:mob_kills":1,"minecraft:damage_dealt":150,"minecraft:swim_one_cm":10815,"minecraft:interact_with_crafting_table":2,"minecraft:fly_one_cm":4946,"minecraft:crouch_one_cm":750,"minecraft:play_one_minute":21465,"minecraft:deaths":1,"minecraft:sneak_time":156,"minecraft:walk_under_water_one_cm":5422,"minecraft:jump":154,"minecraft:leave_game":1,"minecraft:walk_on_water_one_cm":34496,"minecraft:time_since_death":17348,"minecraft:fall_one_cm":778}},"DataVersion":2586}