{"stats":{"minecraft:mined":{"minecraft:diamond_ore":1,"minecraft:white_bed":1,"minecraft:oak_door":1,"minecraft:granite":75,"minecraft:grass_block":48,"byg:winter_succulent":1,"minecraft:large_fern":5,"minecraft:iron_ore":70,"minecraft:andesite":29,"minecraft:pumpkin":4,"minecraft:vine":3,"byg:rocky_stone":3,"minecraft:stone":285,"minecraft:potted_orange_tulip":1,"minecraft:kelp_plant":1,"byg:wilted_grass":6,"byg:orange_birch_leaves":6,"minecraft:torch":8,"byg:yellow_birch_leaves":96,"byg:red_birch_leaves":85,"minecraft:tall_grass":11,"minecraft:diorite":11,"minecraft:wall_torch":16,"minecraft:birch_planks":5,"byg:soapstone":2,"minecraft:birch_log":28,"byg:short_grass":15,"byg:leaf_pile":1,"byg:brown_birch_leaves":2,"minecraft:grass":85,"minecraft:coal_ore":114,"minecraft:sand":36,"minecraft:dirt":214,"minecraft:cobweb":23,"minecraft:stone_bricks":3,"minecraft:gold_ore":2,"minecraft:fern":6},"minecraft:picked_up":{"minecraft:birch_door":1,"byg:soapstone":2,"minecraft:chicken":25,"minecraft:ladder":1,"minecraft:flower_pot":1,"minecraft:string":25,"minecraft:wooden_sword":1,"byg:winter_succulent":1,"minecraft:beef":14,"minecraft:iron_pickaxe":1,"minecraft:furnace":1,"minecraft:iron_boots":2,"minecraft:egg":4,"minecraft:stick":9,"minecraft:oak_door":1,"minecraft:torch":27,"minecraft:porkchop":15,"minecraft:diorite":11,"minecraft:carrot":3,"byg:red_birch_sapling":3,"byg:yellow_birch_sapling":3,"minecraft:rotten_flesh":4,"minecraft:stone_sword":1,"minecraft:arrow":2,"minecraft:mutton":19,"minecraft:rail":3,"minecraft:cod":1,"byg:rocky_stone":3,"minecraft:white_wool":9,"minecraft:cobblestone":281,"minecraft:birch_log":92,"minecraft:feather":17,"minecraft:andesite":29,"minecraft:brown_wool":1,"minecraft:leather":16,"minecraft:birch_planks":55,"minecraft:dirt":285,"byg:scoria_cobblestone":1,"minecraft:stone_bricks":3,"minecraft:kelp":2,"minecraft:wheat_seeds":16,"minecraft:orange_tulip":1,"minecraft:iron_ingot":25,"minecraft:iron_ore":72,"hexerei:animal_fat":17,"minecraft:cooked_porkchop":7,"minecraft:pumpkin":3,"minecraft:sand":35,"byg:orange_birch_sapling":1,"minecraft:white_bed":1,"minecraft:gold_ore":2,"minecraft:diamond":1,"minecraft:granite":74,"minecraft:black_wool":3,"minecraft:coal":115},"minecraft:custom":{"minecraft:mob_kills":65,"minecraft:interact_with_crafting_table":37,"minecraft:leave_game":2,"minecraft:time_since_death":136010,"minecraft:climb_one_cm":36491,"minecraft:sprint_one_cm":370996,"minecraft:walk_one_cm":977652,"minecraft:drop":117,"minecraft:deaths":3,"minecraft:sneak_time":2195,"minecraft:walk_under_water_one_cm":9151,"minecraft:jump":2627,"minecraft:interact_with_blast_furnace":10,"minecraft:walk_on_water_one_cm":23229,"minecraft:interact_with_furnace":101,"minecraft:play_one_minute":236249,"minecraft:pot_flower":1,"minecraft:sleep_in_bed":9,"minecraft:time_since_rest":18800,"minecraft:damage_taken":3197,"minecraft:damage_dealt":6392,"minecraft:swim_one_cm":3922,"minecraft:fly_one_cm":129941,"minecraft:open_chest":6,"minecraft:crouch_one_cm":4157,"tombstone:undead_killed":10,"minecraft:interact_with_smoker":1,"minecraft:fall_one_cm":19300},"minecraft:crafted":{"minecraft:wooden_sword":1,"minecraft:smooth_stone":68,"minecraft:cooked_chicken":18,"minecraft:furnace":6,"minecraft:blast_furnace":1,"minecraft:stone":12,"minecraft:cooked_mutton":19,"minecraft:glass":66,"minecraft:iron_boots":1,"minecraft:ladder":15,"minecraft:stone_pickaxe":3,"minecraft:chest":1,"minecraft:birch_door":3,"sophisticatedbackpacks:iron_backpack":1,"minecraft:cooked_beef":13,"minecraft:cooked_cod":1,"sophisticatedbackpacks:backpack":1,"minecraft:cooked_porkchop":15,"minecraft:crafting_table":9,"minecraft:wooden_pickaxe":2,"minecraft:iron_helmet":2,"minecraft:iron_sword":2,"minecraft:birch_planks":300,"minecraft:stone_axe":1,"minecraft:air":0,"minecraft:iron_chestplate":1,"minecraft:stick":144,"minecraft:iron_ingot":72,"minecraft:iron_pickaxe":3,"minecraft:wooden_axe":1,"minecraft:stone_sword":2,"minecraft:iron_leggings":1,"minecraft:gold_ingot":2,"minecraft:white_bed":2,"minecraft:torch":44},"minecraft:used":{"minecraft:stone_sword":314,"minecraft:ladder":16,"minecraft:cooked_chicken":11,"minecraft:oak_door":1,"minecraft:torch":64,"minecraft:dirt":219,"minecraft:granite":37,"minecraft:birch_door":6,"minecraft:glass":18,"minecraft:wooden_axe":1,"minecraft:beef":1,"minecraft:cooked_cod":1,"minecraft:furnace":5,"tombstone:gift":3,"minecraft:cooked_beef":6,"minecraft:pumpkin":3,"minecraft:cooked_mutton":14,"minecraft:diorite":6,"minecraft:birch_planks":145,"minecraft:stone_pickaxe":394,"minecraft:wooden_pickaxe":118,"byg:rocky_stone":1,"minecraft:rail":3,"minecraft:crafting_table":9,"minecraft:blast_furnace":1,"minecraft:white_bed":3,"byg:red_birch_sapling":1,"minecraft:flower_pot":1,"minecraft:bread":1,"minecraft:iron_pickaxe":102,"byg:soapstone":2,"minecraft:stone_axe":1,"minecraft:wooden_sword":34,"minecraft:cobblestone":67,"minecraft:cooked_porkchop":7,"byg:scoria_cobblestone":1,"minecraft:andesite":24},"minecraft:killed_by":{"minecraft:skeleton":2},"minecraft:killed":{"minecraft:cave_spider":1,"minecraft:cod":1,"minecraft:chicken":18,"minecraft:drowned":1,"minecraft:wolf":1,"minecraft:pig":9,"minecraft:zombie_villager":1,"minecraft:sheep":13,"minecraft:zombie":8,"minecraft:cow":8},"minecraft:broken":{"minecraft:wooden_pickaxe":1,"minecraft:stone_pickaxe":3,"minecraft:wooden_axe":1},"minecraft:dropped":{"minecraft:iron_ingot":3,"minecraft:birch_planks":7,"minecraft:wheat_seeds":16,"minecraft:cooked_porkchop":2,"minecraft:feather":4,"minecraft:iron_helmet":1,"minecraft:cobblestone":64,"byg:yellow_birch_sapling":3,"byg:winter_succulent":1,"minecraft:dirt":66,"byg:red_birch_sapling":2,"minecraft:diorite":5,"minecraft:wooden_sword":1,"minecraft:iron_pickaxe":1,"minecraft:smooth_stone":9,"minecraft:birch_log":17,"minecraft:white_wool":3,"minecraft:stone_axe":1,"hexerei:animal_fat":14,"minecraft:kelp":2,"minecraft:stone_sword":2,"minecraft:rotten_flesh":3,"minecraft:iron_boots":1,"minecraft:cooked_mutton":2,"minecraft:carrot":3,"byg:orange_birch_sapling":1,"byg:rocky_stone":2,"minecraft:andesite":5,"minecraft:stone_bricks":3,"minecraft:black_wool":2}},"DataVersion":2586}