{"stats":{"minecraft:killed_by":{"orcz:orcsavage_2sword":1},"minecraft:mined":{"minecraft:bubble_coral":1,"minecraft:bubble_coral_wall_fan":1,"byg:pink_sand":2,"byg:purple_sand":2},"minecraft:used":{"byg:purple_sand":2,"tombstone:gift":2},"minecraft:picked_up":{"orcz:orcteeth":3,"byg:purple_sand":2},"minecraft:custom":{"minecraft:time_since_rest":3577,"minecraft:play_one_minute":9465,"minecraft:crouch_one_cm":423,"minecraft:walk_one_cm":20283,"minecraft:sprint_one_cm":9373,"minecraft:damage_taken":405,"minecraft:deaths":1,"minecraft:sneak_time":95,"minecraft:walk_under_water_one_cm":3541,"minecraft:jump":74,"minecraft:leave_game":1,"minecraft:time_since_death":5348,"minecraft:walk_on_water_one_cm":13490,"minecraft:swim_one_cm":10815,"minecraft:fall_one_cm":209,"minecraft:fly_one_cm":4272}},"DataVersion":2586}