{"stats":{"minecraft:killed_by":{"orcz:orcsavagemace":1,"orcz:orcsavage_2sword":1},"minecraft:custom":{"minecraft:jump":60,"minecraft:time_since_rest":1,"minecraft:damage_taken":480,"minecraft:play_one_minute":12290,"minecraft:leave_game":2,"minecraft:time_since_death":241,"minecraft:sprint_one_cm":30779,"minecraft:walk_one_cm":18681,"minecraft:walk_on_water_one_cm":1600,"minecraft:deaths":2,"minecraft:walk_under_water_one_cm":437,"minecraft:fall_one_cm":1254,"minecraft:fly_one_cm":14673}},"DataVersion":2586}