{"stats":{"minecraft:killed_by":{"orcz:orcsavage_2sword":1,"orcz:orcsavagemace":1},"minecraft:mined":{"byg:palm_log":7,"byg:rainbow_eucalyptus_log":6,"minecraft:crafting_table":1,"minecraft:bamboo":4,"minecraft:stone":18,"byg:purple_sand":13},"minecraft:used":{"minecraft:wooden_axe":5,"minecraft:wooden_pickaxe":31,"minecraft:crafting_table":1,"minecraft:furnace":1,"tombstone:gift":2,"byg:palm_boat":1},"minecraft:picked_up":{"minecraft:crafting_table":1,"orcz:orcteeth":14,"byg:rainbow_eucalyptus_log":6,"byg:purple_sand":6,"byg:pink_sand":2,"byg:palm_boat":1,"byg:palm_log":7,"minecraft:bamboo":30,"minecraft:cobblestone":14},"minecraft:dropped":{"minecraft:stone_sword":1},"minecraft:crafted":{"byg:palm_planks":28,"byg:rainbow_eucalyptus_planks":4,"minecraft:crafting_table":1,"minecraft:stick":8,"minecraft:wooden_pickaxe":1,"minecraft:wooden_axe":1,"minecraft:stone_sword":1,"minecraft:furnace":1,"byg:palm_boat":1,"minecraft:stone_axe":1},"minecraft:custom":{"minecraft:time_since_rest":11816,"minecraft:sprint_one_cm":48567,"minecraft:interact_with_furnace":1,"minecraft:damage_taken":570,"minecraft:walk_one_cm":40353,"minecraft:drop":1,"minecraft:interact_with_crafting_table":5,"minecraft:fly_one_cm":18924,"minecraft:play_one_minute":24290,"minecraft:deaths":2,"minecraft:walk_under_water_one_cm":437,"minecraft:boat_one_cm":107677,"minecraft:jump":105,"minecraft:time_since_death":12241,"minecraft:walk_on_water_one_cm":4212,"minecraft:leave_game":2,"minecraft:fall_one_cm":1732}},"DataVersion":2586}