{"stats":{"minecraft:mined":{"cfm:birch_blinds":2,"minecraft:white_bed":1,"minecraft:mossy_cobblestone":6,"minecraft:oak_door":1,"minecraft:lever":1,"minecraft:brewing_stand":1,"minecraft:ladder":2,"minecraft:granite":47,"minecraft:grass_block":37,"minecraft:frosted_ice":1,"minecraft:chiseled_stone_bricks":1,"minecraft:spawner":2,"minecraft:redstone_ore":23,"minecraft:oak_trapdoor":1,"minecraft:furnace":4,"minecraft:carrots":10,"minecraft:mossy_cobblestone_stairs":1,"minecraft:iron_ore":250,"minecraft:andesite":40,"minecraft:pumpkin":6,"minecraft:mossy_stone_brick_stairs":2,"minecraft:bookshelf":4,"minecraft:vine":14,"minecraft:iron_bars":4,"byg:rocky_stone":42,"minecraft:stone":824,"minecraft:potted_orange_tulip":2,"minecraft:green_bed":1,"minecraft:glass_pane":1,"minecraft:infested_stone_bricks":2,"minecraft:brown_carpet":4,"minecraft:orange_terracotta":1,"byg:orange_birch_leaves":18,"minecraft:crafting_table":13,"minecraft:torch":5,"byg:yellow_birch_leaves":70,"minecraft:chest":1,"byg:red_birch_leaves":9,"minecraft:cobblestone":23,"minecraft:lapis_ore":16,"minecraft:sugar_cane":6,"minecraft:diorite":53,"minecraft:wall_torch":1,"minecraft:birch_planks":38,"byg:soapstone":21,"byg:scoria_stone":16,"minecraft:birch_log":121,"minecraft:wheat":35,"minecraft:stone_brick_stairs":2,"byg:short_grass":12,"byg:leaf_pile":2,"minecraft:birch_door":2,"byg:brown_birch_leaves":2,"minecraft:infested_mossy_stone_bricks":3,"minecraft:grass":91,"minecraft:coal_ore":161,"minecraft:gravel":60,"minecraft:sand":47,"minecraft:dirt":57,"minecraft:cracked_stone_bricks":4,"minecraft:stone_bricks":10,"minecraft:redstone_lamp":1,"minecraft:mossy_stone_bricks":4,"minecraft:gold_ore":24,"minecraft:birch_fence":2,"minecraft:infested_stone":1,"minecraft:fern":1},"minecraft:picked_up":{"minecraft:wooden_axe":1,"minecraft:iron_chestplate":1,"minecraft:birch_door":2,"minecraft:crafting_table":13,"byg:soapstone":11,"minecraft:wheat":44,"minecraft:chicken":6,"minecraft:ladder":1,"minecraft:flower_pot":3,"minecraft:leather_leggings":1,"minecraft:wooden_pickaxe":1,"minecraft:stone_brick_stairs":2,"tombstone:grave_key":1,"minecraft:brewing_stand":1,"minecraft:shield":3,"minecraft:string":6,"minecraft:oak_trapdoor":1,"minecraft:iron_axe":1,"minecraft:iron_leggings":2,"minecraft:birch_fence":4,"cfm:birch_blinds":2,"minecraft:cracked_stone_bricks":7,"minecraft:beef":16,"minecraft:redstone_torch":2,"minecraft:poppy":2,"minecraft:iron_pickaxe":1,"minecraft:sugar_cane":17,"minecraft:chest":1,"minecraft:tipped_arrow":2,"minecraft:furnace":7,"minecraft:iron_boots":1,"minecraft:egg":5,"minecraft:golden_helmet":3,"minecraft:stick":34,"minecraft:oak_door":1,"minecraft:torch":34,"minecraft:green_bed":1,"minecraft:porkchop":8,"tombstone:grave_dust":10,"minecraft:diorite":68,"minecraft:carrot":36,"minecraft:redstone":111,"byg:red_birch_sapling":9,"minecraft:brown_carpet":6,"byg:yellow_birch_sapling":11,"minecraft:stone_sword":2,"minecraft:arrow":30,"minecraft:rotten_flesh":39,"tombstone:essence_of_undeath":2,"minecraft:mutton":13,"minecraft:iron_bars":6,"byg:rocky_stone":36,"minecraft:rail":2,"minecraft:white_wool":6,"minecraft:cobblestone":921,"minecraft:birch_log":150,"minecraft:feather":29,"minecraft:cooked_beef":2,"orcz:orcteeth":4,"minecraft:andesite":56,"minecraft:brown_wool":1,"minecraft:leather":7,"minecraft:birch_planks":110,"paraglider:spirit_orb":8,"minecraft:flint":10,"minecraft:lapis_lazuli":93,"minecraft:dirt":179,"minecraft:bow":2,"minecraft:orange_terracotta":2,"minecraft:cooked_mutton":1,"minecraft:bone":25,"byg:scoria_cobblestone":22,"minecraft:apple":2,"minecraft:stone_bricks":11,"minecraft:wheat_seeds":126,"minecraft:orange_tulip":3,"minecraft:stone_pickaxe":2,"minecraft:cobweb":4,"minecraft:iron_ingot":30,"minecraft:iron_ore":246,"tombstone:bag_of_seeds":2,"minecraft:mossy_stone_bricks":7,"minecraft:iron_sword":2,"minecraft:stone_hoe":1,"minecraft:book":12,"hexerei:animal_fat":11,"minecraft:cooked_porkchop":1,"minecraft:pumpkin":6,"minecraft:chiseled_stone_bricks":1,"minecraft:gravel":48,"minecraft:sand":44,"byg:orange_birch_sapling":1,"minecraft:white_bed":1,"minecraft:gold_ore":24,"minecraft:spider_eye":9,"minecraft:mossy_cobblestone":6,"minecraft:iron_helmet":1,"minecraft:granite":41,"minecraft:mossy_cobblestone_stairs":1,"minecraft:gray_wool":1,"minecraft:coal":206},"minecraft:custom":{"minecraft:mob_kills":96,"minecraft:animals_bred":2,"minecraft:interact_with_crafting_table":59,"goblintraders:trade_with_goblin":165,"minecraft:damage_dealt_resisted":384,"minecraft:leave_game":5,"minecraft:time_since_death":6552,"minecraft:climb_one_cm":75174,"minecraft:sprint_one_cm":866752,"minecraft:damage_blocked_by_shield":3395,"minecraft:walk_one_cm":1569951,"minecraft:drop":311,"minecraft:deaths":20,"minecraft:sneak_time":2548,"minecraft:walk_under_water_one_cm":1188,"minecraft:interact_with_brewingstand":2,"minecraft:jump":2851,"minecraft:interact_with_blast_furnace":5,"minecraft:walk_on_water_one_cm":23824,"minecraft:interact_with_furnace":51,"minecraft:play_one_minute":453353,"minecraft:pot_flower":3,"minecraft:sleep_in_bed":12,"minecraft:time_since_rest":4153,"minecraft:damage_taken":8936,"minecraft:damage_absorbed":126,"minecraft:damage_dealt":13421,"minecraft:player_kills":2,"minecraft:fly_one_cm":186993,"minecraft:open_chest":53,"minecraft:crouch_one_cm":7470,"tombstone:undead_killed":52,"minecraft:interact_with_smoker":6,"minecraft:fall_one_cm":43515},"minecraft:crafted":{"minecraft:wooden_sword":1,"minecraft:coal":2,"minecraft:cooked_chicken":6,"minecraft:furnace":1,"minecraft:bone_meal":6,"cfm:birch_blinds":2,"minecraft:cooked_mutton":11,"minecraft:glass":58,"minecraft:bow":1,"minecraft:iron_boots":1,"minecraft:iron_axe":3,"minecraft:stone_pickaxe":5,"minecraft:chest":2,"minecraft:birch_door":3,"sophisticatedbackpacks:iron_backpack":1,"minecraft:cooked_beef":13,"minecraft:emerald":13,"sophisticatedbackpacks:backpack":1,"minecraft:cooked_porkchop":8,"minecraft:crafting_table":5,"minecraft:wooden_pickaxe":7,"minecraft:iron_helmet":2,"minecraft:iron_sword":1,"minecraft:birch_pressure_plate":1,"sophisticatedbackpacks:gold_backpack":1,"minecraft:bucket":11,"minecraft:birch_planks":484,"minecraft:pumpkin_seeds":4,"minecraft:bread":14,"minecraft:golden_apple":1,"minecraft:golden_leggings":1,"minecraft:white_wool":1,"minecraft:iron_chestplate":2,"minecraft:shield":2,"minecraft:stick":60,"minecraft:flint":64,"minecraft:iron_ingot":276,"minecraft:iron_pickaxe":5,"minecraft:wooden_axe":1,"minecraft:stone_sword":1,"minecraft:iron_shovel":1,"minecraft:iron_leggings":1,"minecraft:gold_ingot":21,"minecraft:white_bed":1,"minecraft:torch":52},"minecraft:used":{"minecraft:stone_sword":70,"minecraft:iron_shovel":49,"minecraft:chest":2,"minecraft:shield":47,"minecraft:iron_sword":78,"minecraft:cooked_chicken":6,"minecraft:stone_hoe":48,"minecraft:torch":69,"minecraft:dirt":161,"minecraft:birch_pressure_plate":1,"minecraft:carrot":54,"minecraft:granite":2,"minecraft:lava_bucket":9,"minecraft:birch_door":1,"minecraft:glass":32,"minecraft:wooden_axe":2,"minecraft:iron_axe":466,"minecraft:brown_carpet":4,"minecraft:bow":32,"minecraft:beef":3,"minecraft:furnace":6,"tombstone:gift":6,"minecraft:egg":13,"minecraft:cooked_beef":16,"minecraft:wheat_seeds":61,"minecraft:cooked_mutton":12,"minecraft:water_bucket":14,"minecraft:diorite":15,"minecraft:birch_planks":415,"minecraft:stone_pickaxe":314,"minecraft:baked_potato":1,"minecraft:ender_pearl":1,"minecraft:wooden_pickaxe":227,"minecraft:green_bed":1,"byg:rocky_stone":5,"minecraft:mossy_cobblestone":3,"minecraft:golden_apple":4,"minecraft:rail":1,"minecraft:crafting_table":18,"minecraft:white_bed":2,"minecraft:pumpkin_seeds":2,"minecraft:birch_fence":1,"minecraft:flower_pot":3,"minecraft:bread":3,"minecraft:iron_pickaxe":1120,"byg:soapstone":2,"minecraft:gravel":1,"minecraft:wooden_sword":18,"minecraft:cobblestone":301,"minecraft:cooked_porkchop":3,"byg:scoria_cobblestone":1,"minecraft:andesite":10,"minecraft:bucket":32,"cfm:birch_blinds":4,"minecraft:splash_potion":1,"minecraft:bone_meal":6},"minecraft:killed_by":{"minecraft:player":1,"minecraft:stray":1,"minecraft:creeper":4,"minecraft:spider":1,"minecraft:cave_spider":2,"minecraft:skeleton":2,"minecraft:zombie":7},"minecraft:killed":{"minecraft:spider":1,"minecraft:skeleton":14,"minecraft:chicken":8,"minecraft:silverfish":2,"orcz:orcsavagemace":1,"minecraft:pig":4,"minecraft:bat":1,"orcz:goblinwerid":1,"minecraft:sheep":9,"minecraft:zombie":32,"minecraft:stray":6,"orcz:orcsavage_2sword":2,"minecraft:cow":8},"minecraft:broken":{"minecraft:golden_boots":1,"minecraft:leather_leggings":1,"minecraft:iron_chestplate":1,"minecraft:wooden_pickaxe":3,"minecraft:shield":1,"minecraft:iron_axe":2,"minecraft:iron_pickaxe":4,"minecraft:iron_helmet":1},"minecraft:dropped":{"minecraft:bread":7,"minecraft:iron_ingot":54,"minecraft:birch_planks":29,"minecraft:wheat_seeds":1,"minecraft:golden_helmet":1,"minecraft:cooked_beef":3,"minecraft:mossy_cobblestone":3,"minecraft:cooked_porkchop":6,"minecraft:orange_tulip":1,"minecraft:feather":14,"minecraft:iron_helmet":1,"minecraft:cobblestone":86,"minecraft:leather":3,"minecraft:granite":22,"minecraft:cracked_stone_bricks":6,"minecraft:golden_apple":1,"minecraft:coal":64,"minecraft:stick":9,"minecraft:cobweb":2,"minecraft:dirt":5,"byg:red_birch_sapling":7,"minecraft:diorite":40,"tombstone:grave_key":1,"minecraft:mutton":2,"byg:soapstone":3,"minecraft:iron_axe":1,"minecraft:mossy_cobblestone_stairs":1,"minecraft:iron_pickaxe":1,"byg:scoria_cobblestone":9,"minecraft:bone":3,"minecraft:gravel":12,"minecraft:furnace":1,"minecraft:stone_sword":1,"minecraft:iron_boots":1,"minecraft:chiseled_stone_bricks":1,"minecraft:shield":3,"minecraft:orange_terracotta":1,"byg:rocky_stone":27,"minecraft:birch_door":2,"minecraft:andesite":18,"minecraft:mossy_stone_bricks":5,"minecraft:stone_bricks":3,"minecraft:spider_eye":5,"minecraft:brown_carpet":1,"minecraft:iron_bars":2,"minecraft:wooden_pickaxe":2,"minecraft:stone_pickaxe":5,"minecraft:stone_brick_stairs":1}},"DataVersion":2586}