{"stats":{"minecraft:mined":{"cfm:birch_blinds":2,"minecraft:white_bed":1,"minecraft:oak_door":1,"minecraft:brewing_stand":1,"minecraft:ladder":2,"minecraft:granite":31,"minecraft:grass_block":33,"minecraft:frosted_ice":1,"minecraft:spawner":1,"minecraft:redstone_ore":15,"minecraft:oak_trapdoor":1,"minecraft:furnace":4,"minecraft:carrots":10,"minecraft:iron_ore":221,"minecraft:andesite":34,"minecraft:pumpkin":6,"minecraft:bookshelf":4,"minecraft:iron_bars":2,"byg:rocky_stone":39,"minecraft:stone":686,"minecraft:potted_orange_tulip":2,"minecraft:green_bed":1,"minecraft:glass_pane":1,"minecraft:infested_stone_bricks":2,"minecraft:brown_carpet":4,"byg:orange_birch_leaves":18,"minecraft:crafting_table":10,"minecraft:torch":5,"byg:yellow_birch_leaves":70,"minecraft:chest":1,"byg:red_birch_leaves":9,"minecraft:cobblestone":19,"minecraft:lapis_ore":4,"minecraft:sugar_cane":6,"minecraft:diorite":44,"minecraft:wall_torch":1,"minecraft:birch_planks":38,"byg:soapstone":17,"byg:scoria_stone":14,"minecraft:birch_log":109,"minecraft:wheat":35,"byg:short_grass":12,"byg:leaf_pile":2,"minecraft:birch_door":2,"byg:brown_birch_leaves":2,"minecraft:infested_mossy_stone_bricks":3,"minecraft:grass":89,"minecraft:coal_ore":161,"minecraft:gravel":60,"minecraft:sand":47,"minecraft:dirt":48,"minecraft:stone_bricks":8,"minecraft:gold_ore":24,"minecraft:birch_fence":2,"minecraft:infested_stone":1,"minecraft:fern":1},"minecraft:picked_up":{"minecraft:wooden_axe":1,"minecraft:birch_door":2,"minecraft:crafting_table":10,"byg:soapstone":7,"minecraft:wheat":33,"minecraft:chicken":6,"minecraft:ladder":1,"minecraft:flower_pot":3,"minecraft:brewing_stand":1,"minecraft:shield":2,"minecraft:string":6,"minecraft:oak_trapdoor":1,"minecraft:iron_axe":1,"minecraft:birch_fence":4,"cfm:birch_blinds":2,"minecraft:beef":16,"minecraft:poppy":2,"minecraft:iron_pickaxe":1,"minecraft:sugar_cane":17,"minecraft:chest":1,"minecraft:furnace":7,"minecraft:iron_boots":1,"minecraft:egg":5,"minecraft:golden_helmet":2,"minecraft:stick":30,"minecraft:oak_door":1,"minecraft:torch":34,"minecraft:green_bed":1,"minecraft:porkchop":8,"tombstone:grave_dust":2,"minecraft:diorite":46,"minecraft:carrot":36,"minecraft:redstone":69,"byg:red_birch_sapling":9,"minecraft:brown_carpet":6,"byg:yellow_birch_sapling":11,"minecraft:arrow":7,"minecraft:rotten_flesh":17,"minecraft:mutton":13,"minecraft:iron_bars":2,"byg:rocky_stone":33,"minecraft:rail":2,"minecraft:white_wool":6,"minecraft:cobblestone":765,"minecraft:birch_log":138,"minecraft:feather":29,"minecraft:cooked_beef":2,"orcz:orcteeth":4,"minecraft:andesite":33,"minecraft:brown_wool":1,"minecraft:leather":7,"minecraft:birch_planks":110,"paraglider:spirit_orb":2,"minecraft:flint":10,"minecraft:lapis_lazuli":26,"minecraft:dirt":167,"minecraft:cooked_mutton":1,"minecraft:bone":10,"byg:scoria_cobblestone":20,"minecraft:stone_bricks":6,"minecraft:wheat_seeds":125,"minecraft:orange_tulip":3,"minecraft:cobweb":4,"minecraft:iron_ingot":12,"minecraft:iron_ore":217,"minecraft:stone_hoe":1,"minecraft:book":12,"hexerei:animal_fat":11,"minecraft:cooked_porkchop":1,"minecraft:pumpkin":6,"minecraft:gravel":48,"minecraft:sand":44,"byg:orange_birch_sapling":1,"minecraft:white_bed":1,"minecraft:gold_ore":24,"minecraft:spider_eye":5,"minecraft:iron_helmet":1,"minecraft:granite":25,"minecraft:gray_wool":1,"minecraft:coal":206},"minecraft:custom":{"minecraft:mob_kills":63,"minecraft:animals_bred":2,"minecraft:interact_with_crafting_table":43,"goblintraders:trade_with_goblin":126,"minecraft:damage_dealt_resisted":384,"minecraft:leave_game":5,"minecraft:time_since_death":14967,"minecraft:climb_one_cm":67383,"minecraft:sprint_one_cm":712123,"minecraft:damage_blocked_by_shield":3185,"minecraft:walk_one_cm":1280689,"minecraft:drop":242,"minecraft:deaths":12,"minecraft:sneak_time":2464,"minecraft:walk_under_water_one_cm":1188,"minecraft:interact_with_brewingstand":2,"minecraft:jump":2414,"minecraft:interact_with_blast_furnace":5,"minecraft:walk_on_water_one_cm":6077,"minecraft:interact_with_furnace":51,"minecraft:play_one_minute":363353,"minecraft:pot_flower":3,"minecraft:sleep_in_bed":11,"minecraft:time_since_rest":14760,"minecraft:damage_taken":6167,"minecraft:damage_absorbed":40,"minecraft:damage_dealt":7604,"minecraft:player_kills":2,"minecraft:fly_one_cm":148089,"minecraft:open_chest":34,"minecraft:crouch_one_cm":7446,"tombstone:undead_killed":23,"minecraft:interact_with_smoker":6,"minecraft:fall_one_cm":38108},"minecraft:crafted":{"minecraft:wooden_sword":1,"minecraft:coal":1,"minecraft:cooked_chicken":6,"minecraft:furnace":1,"minecraft:bone_meal":6,"cfm:birch_blinds":2,"minecraft:cooked_mutton":11,"minecraft:glass":58,"minecraft:bow":1,"minecraft:iron_boots":1,"minecraft:iron_axe":3,"minecraft:stone_pickaxe":4,"minecraft:chest":2,"minecraft:birch_door":3,"sophisticatedbackpacks:iron_backpack":1,"minecraft:cooked_beef":13,"minecraft:emerald":9,"sophisticatedbackpacks:backpack":1,"minecraft:cooked_porkchop":8,"minecraft:crafting_table":3,"minecraft:wooden_pickaxe":3,"minecraft:iron_helmet":2,"minecraft:birch_pressure_plate":1,"sophisticatedbackpacks:gold_backpack":1,"minecraft:bucket":1,"minecraft:birch_planks":436,"minecraft:pumpkin_seeds":4,"minecraft:bread":1,"minecraft:white_wool":1,"minecraft:iron_chestplate":1,"minecraft:shield":2,"minecraft:stick":48,"minecraft:flint":64,"minecraft:iron_ingot":217,"minecraft:iron_pickaxe":5,"minecraft:wooden_axe":1,"minecraft:iron_shovel":1,"minecraft:iron_leggings":1,"minecraft:gold_ingot":9,"minecraft:white_bed":1,"minecraft:torch":52},"minecraft:used":{"minecraft:iron_shovel":49,"minecraft:chest":2,"minecraft:shield":37,"minecraft:cooked_chicken":6,"minecraft:stone_hoe":48,"minecraft:torch":69,"minecraft:dirt":152,"minecraft:birch_pressure_plate":1,"minecraft:carrot":33,"minecraft:granite":2,"minecraft:birch_door":1,"minecraft:glass":32,"minecraft:wooden_axe":2,"minecraft:iron_axe":377,"minecraft:brown_carpet":4,"minecraft:bow":27,"minecraft:beef":3,"minecraft:furnace":6,"tombstone:gift":6,"minecraft:egg":13,"minecraft:cooked_beef":16,"minecraft:wheat_seeds":61,"minecraft:cooked_mutton":12,"minecraft:water_bucket":6,"minecraft:diorite":15,"minecraft:birch_planks":415,"minecraft:stone_pickaxe":308,"minecraft:baked_potato":1,"minecraft:ender_pearl":1,"minecraft:wooden_pickaxe":134,"minecraft:green_bed":1,"byg:rocky_stone":5,"minecraft:golden_apple":1,"minecraft:rail":1,"minecraft:crafting_table":12,"minecraft:white_bed":2,"minecraft:pumpkin_seeds":2,"minecraft:birch_fence":1,"minecraft:flower_pot":3,"minecraft:bread":1,"minecraft:iron_pickaxe":913,"byg:soapstone":2,"minecraft:gravel":1,"minecraft:wooden_sword":18,"minecraft:cobblestone":237,"minecraft:cooked_porkchop":3,"byg:scoria_cobblestone":1,"minecraft:andesite":10,"minecraft:bucket":7,"cfm:birch_blinds":4,"minecraft:splash_potion":1,"minecraft:bone_meal":6},"minecraft:killed_by":{"minecraft:creeper":4,"minecraft:spider":1,"minecraft:cave_spider":1,"minecraft:skeleton":2,"minecraft:zombie":2},"minecraft:killed":{"minecraft:spider":1,"minecraft:skeleton":10,"minecraft:chicken":8,"minecraft:silverfish":2,"orcz:orcsavagemace":1,"minecraft:pig":4,"minecraft:bat":1,"orcz:goblinwerid":1,"minecraft:sheep":9,"minecraft:zombie":13,"orcz:orcsavage_2sword":2,"minecraft:cow":8},"minecraft:broken":{"minecraft:wooden_pickaxe":2,"minecraft:shield":1,"minecraft:iron_axe":2,"minecraft:iron_pickaxe":3,"minecraft:iron_helmet":1},"minecraft:dropped":{"minecraft:iron_ingot":54,"minecraft:birch_planks":29,"minecraft:wheat_seeds":1,"minecraft:golden_helmet":1,"minecraft:cooked_beef":3,"minecraft:cooked_porkchop":6,"minecraft:orange_tulip":1,"minecraft:feather":14,"minecraft:iron_helmet":1,"minecraft:cobblestone":65,"minecraft:leather":3,"minecraft:granite":17,"minecraft:coal":64,"minecraft:stick":9,"minecraft:cobweb":2,"minecraft:dirt":3,"byg:red_birch_sapling":7,"minecraft:diorite":27,"minecraft:mutton":2,"byg:soapstone":3,"minecraft:iron_axe":1,"minecraft:iron_pickaxe":1,"byg:scoria_cobblestone":9,"minecraft:bone":3,"minecraft:gravel":12,"minecraft:furnace":1,"minecraft:iron_boots":1,"minecraft:shield":3,"byg:rocky_stone":27,"minecraft:andesite":12,"minecraft:spider_eye":1,"minecraft:brown_carpet":1,"minecraft:stone_pickaxe":3}},"DataVersion":2586}