{"stats":{"minecraft:custom":{"minecraft:jump":59,"minecraft:time_since_rest":72,"minecraft:deaths":2,"minecraft:play_one_minute":11728,"minecraft:walk_on_water_one_cm":1600,"minecraft:leave_game":2,"minecraft:sprint_one_cm":30779,"minecraft:damage_taken":480,"minecraft:time_since_death":0,"minecraft:walk_one_cm":14752,"minecraft:walk_under_water_one_cm":437,"minecraft:fall_one_cm":1254,"minecraft:fly_one_cm":14673},"minecraft:killed_by":{"orcz:orcsavagemace":1,"orcz:orcsavage_2sword":1}},"DataVersion":2586}