{"stats":{"minecraft:dropped":{"minecraft:iron_ingot":54,"minecraft:birch_planks":29,"minecraft:golden_helmet":1,"minecraft:cooked_beef":3,"minecraft:orange_tulip":1,"minecraft:feather":14,"minecraft:iron_helmet":1,"minecraft:leather":3,"minecraft:coal":64,"minecraft:stick":9,"minecraft:cobweb":2,"byg:red_birch_sapling":7,"minecraft:mutton":2,"minecraft:iron_axe":1,"minecraft:iron_pickaxe":1,"minecraft:bone":3,"minecraft:furnace":1,"minecraft:iron_boots":1,"minecraft:spider_eye":1,"minecraft:brown_carpet":1,"minecraft:stone_pickaxe":1},"minecraft:broken":{"minecraft:iron_axe":1,"minecraft:iron_pickaxe":1},"minecraft:crafted":{"minecraft:wooden_sword":1,"minecraft:cooked_chicken":6,"minecraft:furnace":1,"minecraft:bone_meal":6,"cfm:birch_blinds":2,"minecraft:cooked_mutton":11,"minecraft:glass":58,"minecraft:bow":1,"minecraft:iron_boots":1,"minecraft:iron_axe":2,"minecraft:stone_pickaxe":1,"minecraft:chest":2,"minecraft:birch_door":3,"minecraft:cooked_beef":13,"sophisticatedbackpacks:backpack":1,"minecraft:cooked_porkchop":8,"minecraft:crafting_table":1,"minecraft:wooden_pickaxe":1,"minecraft:iron_helmet":1,"minecraft:birch_pressure_plate":1,"minecraft:bucket":1,"minecraft:birch_planks":400,"minecraft:pumpkin_seeds":4,"minecraft:bread":1,"minecraft:white_wool":1,"minecraft:iron_chestplate":1,"minecraft:stick":20,"minecraft:iron_ingot":109,"minecraft:iron_pickaxe":2,"minecraft:wooden_axe":1,"minecraft:iron_leggings":1,"minecraft:white_bed":1,"minecraft:torch":32},"minecraft:killed":{"minecraft:spider":1,"minecraft:skeleton":7,"minecraft:chicken":8,"minecraft:silverfish":2,"orcz:orcsavagemace":1,"minecraft:pig":4,"orcz:goblinwerid":1,"minecraft:sheep":9,"minecraft:zombie":7,"orcz:orcsavage_2sword":2,"minecraft:cow":8},"minecraft:killed_by":{"minecraft:creeper":3,"minecraft:spider":1,"minecraft:skeleton":2},"minecraft:mined":{"cfm:birch_blinds":2,"minecraft:white_bed":1,"minecraft:oak_door":1,"minecraft:brewing_stand":1,"minecraft:ladder":2,"minecraft:granite":1,"minecraft:grass_block":30,"minecraft:frosted_ice":1,"minecraft:spawner":1,"minecraft:oak_trapdoor":1,"minecraft:furnace":4,"minecraft:carrots":4,"minecraft:iron_ore":85,"minecraft:pumpkin":3,"minecraft:bookshelf":4,"minecraft:iron_bars":2,"byg:rocky_stone":1,"minecraft:stone":140,"minecraft:potted_orange_tulip":2,"minecraft:green_bed":1,"minecraft:glass_pane":1,"minecraft:infested_stone_bricks":2,"minecraft:brown_carpet":4,"byg:orange_birch_leaves":18,"minecraft:crafting_table":4,"minecraft:torch":5,"byg:yellow_birch_leaves":70,"minecraft:chest":1,"byg:red_birch_leaves":9,"minecraft:cobblestone":7,"minecraft:lapis_ore":2,"minecraft:sugar_cane":6,"minecraft:diorite":3,"minecraft:wall_torch":1,"minecraft:birch_planks":38,"byg:soapstone":2,"byg:scoria_stone":2,"minecraft:birch_log":102,"minecraft:wheat":7,"byg:short_grass":11,"byg:leaf_pile":2,"byg:brown_birch_leaves":2,"minecraft:grass":88,"minecraft:infested_mossy_stone_bricks":3,"minecraft:coal_ore":125,"minecraft:gravel":7,"minecraft:sand":47,"minecraft:dirt":35,"minecraft:stone_bricks":8,"minecraft:fern":1,"minecraft:birch_fence":2,"minecraft:infested_stone":1},"minecraft:used":{"minecraft:chest":2,"minecraft:shield":8,"minecraft:cooked_chicken":2,"minecraft:stone_hoe":48,"minecraft:torch":48,"minecraft:dirt":147,"minecraft:birch_pressure_plate":1,"minecraft:carrot":18,"minecraft:birch_door":1,"minecraft:glass":32,"minecraft:wooden_axe":2,"minecraft:iron_axe":324,"minecraft:brown_carpet":4,"minecraft:bow":21,"minecraft:beef":3,"minecraft:furnace":6,"tombstone:gift":4,"minecraft:egg":13,"minecraft:cooked_beef":16,"minecraft:wheat_seeds":42,"minecraft:cooked_mutton":7,"minecraft:water_bucket":1,"minecraft:diorite":3,"minecraft:birch_planks":415,"minecraft:stone_pickaxe":61,"minecraft:baked_potato":1,"minecraft:wooden_pickaxe":15,"minecraft:green_bed":1,"minecraft:golden_apple":1,"minecraft:crafting_table":4,"minecraft:white_bed":2,"minecraft:pumpkin_seeds":2,"minecraft:birch_fence":1,"minecraft:flower_pot":3,"minecraft:bread":1,"minecraft:iron_pickaxe":327,"minecraft:wooden_sword":18,"minecraft:cobblestone":116,"minecraft:cooked_porkchop":1,"byg:scoria_cobblestone":1,"minecraft:bucket":1,"cfm:birch_blinds":4,"minecraft:splash_potion":1,"minecraft:bone_meal":6},"minecraft:picked_up":{"minecraft:wooden_axe":1,"minecraft:crafting_table":4,"byg:soapstone":2,"minecraft:wheat":5,"minecraft:chicken":6,"minecraft:ladder":1,"minecraft:flower_pot":3,"minecraft:brewing_stand":1,"minecraft:string":2,"minecraft:oak_trapdoor":1,"minecraft:iron_axe":1,"minecraft:birch_fence":2,"cfm:birch_blinds":2,"minecraft:beef":16,"minecraft:poppy":2,"minecraft:iron_pickaxe":1,"minecraft:sugar_cane":17,"minecraft:chest":1,"minecraft:furnace":7,"minecraft:egg":5,"minecraft:iron_boots":1,"minecraft:golden_helmet":2,"minecraft:stick":30,"minecraft:oak_door":1,"minecraft:torch":34,"minecraft:green_bed":1,"minecraft:porkchop":8,"minecraft:diorite":3,"minecraft:carrot":11,"byg:red_birch_sapling":9,"minecraft:brown_carpet":6,"byg:yellow_birch_sapling":11,"minecraft:arrow":7,"minecraft:rotten_flesh":6,"minecraft:rail":1,"minecraft:mutton":13,"byg:rocky_stone":1,"minecraft:iron_bars":2,"minecraft:white_wool":6,"minecraft:cobblestone":201,"minecraft:birch_log":132,"minecraft:feather":29,"minecraft:cooked_beef":2,"orcz:orcteeth":2,"minecraft:brown_wool":1,"minecraft:leather":7,"minecraft:birch_planks":110,"paraglider:spirit_orb":2,"minecraft:flint":2,"minecraft:lapis_lazuli":11,"minecraft:dirt":151,"minecraft:cooked_mutton":1,"minecraft:bone":8,"byg:scoria_cobblestone":1,"minecraft:stone_bricks":6,"minecraft:wheat_seeds":52,"minecraft:orange_tulip":3,"minecraft:cobweb":4,"minecraft:iron_ingot":12,"minecraft:iron_ore":82,"minecraft:stone_hoe":1,"minecraft:book":12,"hexerei:animal_fat":11,"minecraft:cooked_porkchop":1,"minecraft:pumpkin":3,"minecraft:gravel":3,"minecraft:sand":44,"byg:orange_birch_sapling":1,"minecraft:white_bed":1,"minecraft:spider_eye":3,"minecraft:iron_helmet":1,"minecraft:granite":2,"minecraft:gray_wool":1,"minecraft:coal":171},"minecraft:custom":{"minecraft:mob_kills":51,"minecraft:interact_with_crafting_table":27,"goblintraders:trade_with_goblin":27,"minecraft:damage_dealt_resisted":181,"minecraft:leave_game":2,"minecraft:time_since_death":123803,"minecraft:climb_one_cm":59307,"minecraft:sprint_one_cm":603600,"minecraft:damage_blocked_by_shield":340,"minecraft:walk_one_cm":937342,"minecraft:drop":86,"minecraft:deaths":7,"minecraft:sneak_time":2383,"minecraft:walk_under_water_one_cm":1084,"minecraft:interact_with_brewingstand":2,"minecraft:jump":1936,"minecraft:interact_with_blast_furnace":5,"minecraft:walk_on_water_one_cm":4942,"minecraft:interact_with_furnace":51,"minecraft:play_one_minute":241938,"minecraft:pot_flower":3,"minecraft:sleep_in_bed":11,"minecraft:time_since_rest":2999,"minecraft:damage_taken":3938,"minecraft:damage_absorbed":40,"minecraft:damage_dealt":5460,"minecraft:player_kills":1,"minecraft:fly_one_cm":132477,"minecraft:open_chest":24,"minecraft:crouch_one_cm":7100,"tombstone:undead_killed":14,"minecraft:interact_with_smoker":6,"minecraft:fall_one_cm":26246}},"DataVersion":2586}