{"stats":{"minecraft:picked_up":{"minecraft:oak_log":3,"minecraft:dirt":1,"minecraft:cobblestone":2},"minecraft:mined":{"minecraft:grass":1,"minecraft:grass_block":1,"minecraft:oak_log":3,"minecraft:stone":3},"minecraft:custom":{"minecraft:time_since_rest":5000,"minecraft:open_chest":1,"minecraft:play_one_minute":5000,"minecraft:crouch_one_cm":94,"minecraft:sprint_one_cm":9364,"minecraft:damage_taken":10,"minecraft:walk_one_cm":14102,"minecraft:sneak_time":24,"minecraft:jump":38,"minecraft:time_since_death":5000,"minecraft:interact_with_crafting_table":1,"minecraft:fall_one_cm":871,"minecraft:fly_one_cm":1911},"minecraft:crafted":{"minecraft:oak_planks":12,"minecraft:crafting_table":1,"minecraft:stick":4,"minecraft:wooden_pickaxe":1},"minecraft:used":{"minecraft:dirt":1,"minecraft:crafting_table":1,"minecraft:wooden_pickaxe":3}},"DataVersion":2586}